nomor,word,frekuensi,ln
1,cahaya,15,-6.939072243488087
2,njirr,4,-8.102223053293768
3,ngikutin,9,-7.409075872733823
4,cocok,32,-6.215153404261388
5,monyet,8,-7.514436388391649
6,yaelah,5,-7.919901496499813
7,anjir,34,-6.156312904238455
8,alis,7,-7.632219424048032
9,arap,8,-7.514436388391649
10,gilir,4,-8.102223053293768
11,youtuber,9,-7.409075872733823
12,modal,6,-7.765750816672555
13,parah,54,-5.704327780495397
14,lebay,47,-5.840459954819978
15,comment,10,-7.313765692929498
16,jola,8,-7.514436388391649
17,ajah,4,-8.102223053293768
18,nabung,7,-7.632219424048032
19,ibu,9,-7.409075872733823
20,kontrol,4,-8.102223053293768
21,bulu,9,-7.409075872733823
22,penasaran,3,-8.325366604607979
23,kesel,19,-6.715928692173877
24,tonton,11,-7.226754315939868
25,teriak,11,-7.226754315939868
26,jngn,3,-8.325366604607979
27,susu,11,-7.226754315939868
28,brow,3,-8.325366604607979
29,mewah,37,-6.074074806001483
30,arab,3,-8.325366604607979
31,tolol,27,-6.379456455552664
32,mulut,27,-6.379456455552664
33,turki,4,-8.102223053293768
34,samyang,71,-5.434994846711813
35,njirrr,4,-8.102223053293768
36,google,4,-8.102223053293768
37,ngeroko,5,-7.919901496499813
38,boongan,4,-8.102223053293768
39,gunung,3,-8.325366604607979
40,kameramennya,8,-7.514436388391649
41,pdhl,5,-7.919901496499813
42,ngejudge,3,-8.325366604607979
43,gede,33,-6.185300441111707
44,maksa,6,-7.765750816672555
45,tipu,9,-7.409075872733823
46,iriii,4,-8.102223053293768
47,dengerin,4,-8.102223053293768
48,jisoo,4,-8.102223053293768
49,kesi,3,-8.325366604607979
50,desain,3,-8.325366604607979
51,didownload,3,-8.325366604607979
52,way,3,-8.325366604607979
53,puting,3,-8.325366604607979
54,fokus,37,-6.074074806001483
55,presiden,3,-8.325366604607979
56,hari,30,-6.277673761242722
57,sadis,3,-8.325366604607979
58,ngumbar,4,-8.102223053293768
59,yng,8,-7.514436388391649
60,bayi,5,-7.919901496499813
61,lengkap,3,-8.325366604607979
62,binatang,8,-7.514436388391649
63,masak,35,-6.128142027271759
64,habibie,8,-7.514436388391649
65,hotel,34,-6.156312904238455
66,nunjukin,4,-8.102223053293768
67,dalem,8,-7.514436388391649
68,cwe,8,-7.514436388391649
69,teknologi,3,-8.325366604607979
70,jebak,3,-8.325366604607979
71,gilaaaa,3,-8.325366604607979
72,ato,3,-8.325366604607979
73,kaki,21,-6.6206185123695525
74,tabrak,3,-8.325366604607979
75,item,23,-6.533607135379923
76,ekspresi,4,-8.102223053293768
77,iriiii,3,-8.325366604607979
78,thumbnailnya,7,-7.632219424048032
79,balas,3,-8.325366604607979
80,garagara,3,-8.325366604607979
81,habis,23,-6.533607135379923
82,ganti,18,-6.767221986561428
83,kuda,3,-8.325366604607979
84,masalah,9,-7.409075872733823
85,dada,5,-7.919901496499813
86,saran,20,-6.667138528004446
87,putri,5,-7.919901496499813
88,pencet,5,-7.919901496499813
89,channel,12,-7.146711608266331
90,awas,8,-7.514436388391649
91,sms,5,-7.919901496499813
92,kgk,6,-7.765750816672555
93,bli,4,-8.102223053293768
94,palu,4,-8.102223053293768
95,kreatif,4,-8.102223053293768
96,ngambil,11,-7.226754315939868
97,black,4,-8.102223053293768
98,gedung,4,-8.102223053293768
99,gp,3,-8.325366604607979
100,capek,5,-7.919901496499813
101,idung,3,-8.325366604607979
102,muji,4,-8.102223053293768
103,nike,9,-7.409075872733823
104,muluu,4,-8.102223053293768
105,mngkn,3,-8.325366604607979
106,jaket,5,-7.919901496499813
107,homerun,5,-7.919901496499813
108,bayang,6,-7.765750816672555
109,serius,3,-8.325366604607979
110,bgini,3,-8.325366604607979
111,suara,34,-6.156312904238455
112,body,10,-7.313765692929498
113,sgt,5,-7.919901496499813
114,bangkok,5,-7.919901496499813
115,nikmat,4,-8.102223053293768
116,mood,3,-8.325366604607979
117,jumat,5,-7.919901496499813
118,gerak,6,-7.765750816672555
119,potong,11,-7.226754315939868
120,canda,9,-7.409075872733823
121,datang,6,-7.765750816672555
122,jgn,28,-6.344365135741395
123,icha,76,-5.367855543874184
124,lepas,12,-7.146711608266331
125,wir,3,-8.325366604607979
126,cuci,6,-7.765750816672555
127,cut,4,-8.102223053293768
128,semangat,6,-7.765750816672555
129,ribu,10,-7.313765692929498
130,kota,3,-8.325366604607979
131,antem,5,-7.919901496499813
132,kayak,118,-4.932537472616339
133,vlognya,12,-7.146711608266331
134,kotor,9,-7.409075872733823
135,basket,3,-8.325366604607979
136,bolak,5,-7.919901496499813
137,bgs,3,-8.325366604607979
138,jelas,48,-5.819840667617242
139,wilo,8,-7.514436388391649
140,diem,10,-7.313765692929498
141,kawan,3,-8.325366604607979
142,bryan,10,-7.313765692929498
143,ngejek,3,-8.325366604607979
144,stand,4,-8.102223053293768
145,maap,3,-8.325366604607979
146,nginjek,4,-8.102223053293768
147,shootnya,3,-8.325366604607979
148,bs,5,-7.919901496499813
149,bnget,8,-7.514436388391649
150,indah,5,-7.919901496499813
151,cwek,6,-7.765750816672555
152,garuk,9,-7.409075872733823
153,eek,3,-8.325366604607979
154,payah,6,-7.765750816672555
155,akhirat,5,-7.919901496499813
156,bkin,3,-8.325366604607979
157,amin,3,-8.325366604607979
158,muter,3,-8.325366604607979
159,perut,8,-7.514436388391649
160,milik,3,-8.325366604607979
161,buram,4,-8.102223053293768
162,tampil,5,-7.919901496499813
163,kasih,31,-6.245925062928142
164,istri,59,-5.617316403505768
165,sehat,4,-8.102223053293768
166,dislike,8,-7.514436388391649
167,eror,3,-8.325366604607979
168,suami,11,-7.226754315939868
169,stelah,3,-8.325366604607979
170,komen,18,-6.767221986561428
171,cara,18,-6.767221986561428
172,oplas,4,-8.102223053293768
173,cilik,3,-8.325366604607979
174,challenge,5,-7.919901496499813
175,minyak,3,-8.325366604607979
176,ngabisin,3,-8.325366604607979
177,bayangin,5,-7.919901496499813
178,aduhh,4,-8.102223053293768
179,pikir,11,-7.226754315939868
180,pantesan,7,-7.632219424048032
181,hmm,4,-8.102223053293768
182,fantasi,3,-8.325366604607979
183,heran,5,-7.919901496499813
184,hahahahaha,5,-7.919901496499813
185,pngen,3,-8.325366604607979
186,lebai,4,-8.102223053293768
187,tante,6,-7.765750816672555
188,marah,21,-6.6206185123695525
189,banci,9,-7.409075872733823
190,cma,6,-7.765750816672555
191,adidas,3,-8.325366604607979
192,umbar,8,-7.514436388391649
193,tua,32,-6.215153404261388
194,pengantin,6,-7.765750816672555
195,married,3,-8.325366604607979
196,murah,16,-6.878447621671652
197,settingan,6,-7.765750816672555
198,iqbal,4,-8.102223053293768
199,ngurusin,5,-7.919901496499813
200,jahil,10,-7.313765692929498
201,kaga,27,-6.379456455552664
202,claustrophobia,5,-7.919901496499813
203,jijik,54,-5.704327780495397
204,padang,3,-8.325366604607979
205,cameraman,3,-8.325366604607979
206,razer,3,-8.325366604607979
207,najis,30,-6.277673761242722
208,gapernah,3,-8.325366604607979
209,baterai,3,-8.325366604607979
210,fidio,3,-8.325366604607979
211,jatuh,5,-7.919901496499813
212,jt,77,-5.354952139038277
213,ngerokok,10,-7.313765692929498
214,jaga,3,-8.325366604607979
215,guis,3,-8.325366604607979
216,ahok,4,-8.102223053293768
217,ccok,3,-8.325366604607979
218,bapa,6,-7.765750816672555
219,informasi,3,-8.325366604607979
220,tambah,32,-6.215153404261388
221,usaha,3,-8.325366604607979
222,commentnya,3,-8.325366604607979
223,squishy,12,-7.146711608266331
224,kunci,3,-8.325366604607979
225,pdhal,4,-8.102223053293768
226,masuk,37,-6.074074806001483
227,sedih,11,-7.226754315939868
228,maju,9,-7.409075872733823
229,tingkat,4,-8.102223053293768
230,jam,4,-8.102223053293768
231,cb,3,-8.325366604607979
232,ketawa,31,-6.245925062928142
233,orgtua,3,-8.325366604607979
234,kartu,5,-7.919901496499813
235,sakit,13,-7.07260363611261
236,beha,3,-8.325366604607979
237,dnger,3,-8.325366604607979
238,ngiri,14,-7.003610764625659
239,tokai,3,-8.325366604607979
240,takut,35,-6.128142027271759
241,bakar,5,-7.919901496499813
242,koh,8,-7.514436388391649
243,siar,3,-8.325366604607979
244,cukup,11,-7.226754315939868
245,temen,20,-6.667138528004446
246,butuh,9,-7.409075872733823
247,ngeliat,18,-6.767221986561428
248,kasar,5,-7.919901496499813
249,ngemis,7,-7.632219424048032
250,memek,3,-8.325366604607979
251,gilaaa,8,-7.514436388391649
252,guaa,3,-8.325366604607979
253,wkwkwkwkwk,8,-7.514436388391649
254,gila,79,-5.329634331053987
255,kangkung,3,-8.325366604607979
256,duluan,7,-7.632219424048032
257,nyesel,8,-7.514436388391649
258,dikerjain,10,-7.313765692929498
259,ea,3,-8.325366604607979
260,pribadi,3,-8.325366604607979
261,barang,10,-7.313765692929498
262,beras,7,-7.632219424048032
263,bohong,21,-6.6206185123695525
264,bahasa,9,-7.409075872733823
265,tusuk,4,-8.102223053293768
266,mulu,46,-5.86151336401781
267,ruang,14,-7.003610764625659
268,hewan,7,-7.632219424048032
269,anjayyyy,4,-8.102223053293768
270,ldp,20,-6.667138528004446
271,ngerti,16,-6.878447621671652
272,diet,4,-8.102223053293768
273,beatbox,3,-8.325366604607979
274,bulan,12,-7.146711608266331
275,musik,5,-7.919901496499813
276,panik,4,-8.102223053293768
277,mh,4,-8.102223053293768
278,dibalikin,3,-8.325366604607979
279,dii,3,-8.325366604607979
280,nyaman,8,-7.514436388391649
281,sneakers,5,-7.919901496499813
282,yel,3,-8.325366604607979
283,parahh,3,-8.325366604607979
284,koment,3,-8.325366604607979
285,tuing,8,-7.514436388391649
286,sacha,3,-8.325366604607979
287,bicara,11,-7.226754315939868
288,yoora,3,-8.325366604607979
289,indra,4,-8.102223053293768
290,gratis,7,-7.632219424048032
291,beres,4,-8.102223053293768
292,forum,3,-8.325366604607979
293,grat,10,-7.313765692929498
294,alquran,3,-8.325366604607979
295,minum,13,-7.07260363611261
296,go,6,-7.765750816672555
297,putusin,4,-8.102223053293768
298,ujung,6,-7.765750816672555
299,sdh,4,-8.102223053293768
300,dn,10,-7.313765692929498
301,tutup,26,-6.415824099723539
302,ajak,5,-7.919901496499813
303,ancur,10,-7.313765692929498
304,sekolah,13,-7.07260363611261
305,cindy,4,-8.102223053293768
306,mag,5,-7.919901496499813
307,coba,23,-6.533607135379923
308,songong,10,-7.313765692929498
309,klau,5,-7.919901496499813
310,kardus,5,-7.919901496499813
311,rb,9,-7.409075872733823
312,bodo,13,-7.07260363611261
313,huhuhu,4,-8.102223053293768
314,andreas,7,-7.632219424048032
315,backsound,3,-8.325366604607979
316,marion,15,-6.939072243488087
317,cina,6,-7.765750816672555
318,lighstick,5,-7.919901496499813
319,paha,3,-8.325366604607979
320,mall,8,-7.514436388391649
321,dehhh,4,-8.102223053293768
322,hiya,3,-8.325366604607979
323,thailand,14,-7.003610764625659
324,cebok,11,-7.226754315939868
325,normal,4,-8.102223053293768
326,jiji,8,-7.514436388391649
327,full,3,-8.325366604607979
328,bacot,14,-7.003610764625659
329,untung,11,-7.226754315939868
330,tengah,17,-6.821289207831704
331,inti,6,-7.765750816672555
332,berat,9,-7.409075872733823
333,gempa,11,-7.226754315939868
334,rakus,173,-4.552605666513339
335,saranin,4,-8.102223053293768
336,bintang,4,-8.102223053293768
337,selingkuh,4,-8.102223053293768
338,jendela,3,-8.325366604607979
339,hp,11,-7.226754315939868
340,maaf,43,-5.927471331809607
341,senyum,3,-8.325366604607979
342,ngomong,84,-5.269009709237552
343,yuk,6,-7.765750816672555
344,pilot,6,-7.765750816672555
345,kosan,6,-7.765750816672555
346,rakyat,3,-8.325366604607979
347,obat,5,-7.919901496499813
348,pecah,7,-7.632219424048032
349,kawasaki,3,-8.325366604607979
350,klik,4,-8.102223053293768
351,fix,5,-7.919901496499813
352,mual,4,-8.102223053293768
353,pk,9,-7.409075872733823
354,baget,7,-7.632219424048032
355,deadpool,4,-8.102223053293768
356,hadeh,4,-8.102223053293768
357,bangsa,5,-7.919901496499813
358,bahagia,3,-8.325366604607979
359,back,3,-8.325366604607979
360,cadar,3,-8.325366604607979
361,kemal,58,-5.634123521822149
362,injak,11,-7.226754315939868
363,geblek,6,-7.765750816672555
364,beby,6,-7.765750816672555
365,kemaren,9,-7.409075872733823
366,bangettttttt,3,-8.325366604607979
367,jomblo,37,-6.074074806001483
368,kaku,7,-7.632219424048032
369,kai,3,-8.325366604607979
370,ayah,3,-8.325366604607979
371,max,3,-8.325366604607979
372,bini,8,-7.514436388391649
373,manja,4,-8.102223053293768
374,kurus,69,-5.463165723678509
375,doank,5,-7.919901496499813
376,jabat,4,-8.102223053293768
377,indira,69,-5.463165723678509
378,alias,4,-8.102223053293768
379,busuk,6,-7.765750816672555
380,indonesia,54,-5.704327780495397
381,baca,10,-7.313765692929498
382,bareng,7,-7.632219424048032
383,pelit,8,-7.514436388391649
384,egois,4,-8.102223053293768
385,detail,5,-7.919901496499813
386,haram,21,-6.6206185123695525
387,warna,9,-7.409075872733823
388,ketemu,12,-7.146711608266331
389,gombalin,4,-8.102223053293768
390,nyanyi,18,-6.767221986561428
391,cerah,3,-8.325366604607979
392,power,3,-8.325366604607979
393,adat,5,-7.919901496499813
394,neraka,4,-8.102223053293768
395,jkt,5,-7.919901496499813
396,mikir,4,-8.102223053293768
397,hancur,8,-7.514436388391649
398,berak,7,-7.632219424048032
399,jujur,9,-7.409075872733823
400,swallow,6,-7.765750816672555
401,sedekah,4,-8.102223053293768
402,kalajengking,23,-6.533607135379923
403,design,3,-8.325366604607979
404,kursi,5,-7.919901496499813
405,segitu,12,-7.146711608266331
406,toketnya,10,-7.313765692929498
407,nahan,9,-7.409075872733823
408,sesak,9,-7.409075872733823
409,bugil,3,-8.325366604607979
410,hebat,3,-8.325366604607979
411,rakuss,3,-8.325366604607979
412,bumbu,4,-8.102223053293768
413,wajah,10,-7.313765692929498
414,tahun,11,-7.226754315939868
415,kzl,3,-8.325366604607979
416,bos,6,-7.765750816672555
417,kagak,15,-6.939072243488087
418,curang,19,-6.715928692173877
419,tolong,9,-7.409075872733823
420,beda,29,-6.3104635840657135
421,congok,3,-8.325366604607979
422,bocah,25,-6.453564427706387
423,rokok,15,-6.939072243488087
424,salfok,4,-8.102223053293768
425,sabar,4,-8.102223053293768
426,sumpek,6,-7.765750816672555
427,salut,3,-8.325366604607979
428,ukur,3,-8.325366604607979
429,risih,4,-8.102223053293768
430,super,4,-8.102223053293768
431,nenen,6,-7.765750816672555
432,leher,21,-6.6206185123695525
433,guna,9,-7.409075872733823
434,manusia,16,-6.878447621671652
435,sorry,5,-7.919901496499813
436,skrng,7,-7.632219424048032
437,ane,6,-7.765750816672555
438,ramal,4,-8.102223053293768
439,bahan,7,-7.632219424048032
440,pidato,3,-8.325366604607979
441,ngeselin,4,-8.102223053293768
442,clickbait,8,-7.514436388391649
443,kondangan,3,-8.325366604607979
444,jail,11,-7.226754315939868
445,bulet,6,-7.765750816672555
446,msih,4,-8.102223053293768
447,bebas,4,-8.102223053293768
448,kerja,12,-7.146711608266331
449,daya,3,-8.325366604607979
450,undang,6,-7.765750816672555
451,tedy,5,-7.919901496499813
452,itam,4,-8.102223053293768
453,goblok,47,-5.840459954819978
454,subscribe,5,-7.919901496499813
455,subs,3,-8.325366604607979
456,buset,16,-6.878447621671652
457,yatim,4,-8.102223053293768
458,bastian,7,-7.632219424048032
459,faedah,4,-8.102223053293768
460,ketek,9,-7.409075872733823
461,nye,3,-8.325366604607979
462,charma,9,-7.409075872733823
463,smoga,3,-8.325366604607979
464,ade,6,-7.765750816672555
465,duit,23,-6.533607135379923
466,toilet,6,-7.765750816672555
467,asik,8,-7.514436388391649
468,hilang,7,-7.632219424048032
469,sumbangin,4,-8.102223053293768
470,didik,10,-7.313765692929498
471,menang,30,-6.277673761242722
472,dipake,15,-6.939072243488087
473,vlog,38,-6.048099319598222
474,offline,6,-7.765750816672555
475,kecewa,3,-8.325366604607979
476,ngeblur,3,-8.325366604607979
477,wanita,7,-7.632219424048032
478,ica,31,-6.245925062928142
479,cape,4,-8.102223053293768
480,junior,4,-8.102223053293768
481,bener,34,-6.156312904238455
482,bom,7,-7.632219424048032
483,iklan,4,-8.102223053293768
484,canggih,4,-8.102223053293768
485,bae,4,-8.102223053293768
486,capt,10,-7.313765692929498
487,album,13,-7.07260363611261
488,ngomongnya,24,-6.4927851408596675
489,dunia,10,-7.313765692929498
490,bgus,8,-7.514436388391649
491,mati,27,-6.379456455552664
492,kamera,47,-5.840459954819978
493,bahaya,7,-7.632219424048032
494,agama,21,-6.6206185123695525
495,foto,12,-7.146711608266331
496,prilly,15,-6.939072243488087
497,nyindir,3,-8.325366604607979
498,homo,8,-7.514436388391649
499,panda,3,-8.325366604607979
500,camera,4,-8.102223053293768
501,racun,11,-7.226754315939868
502,gpp,6,-7.765750816672555
503,bas,4,-8.102223053293768
504,pantai,4,-8.102223053293768
505,bangkrut,7,-7.632219424048032
506,perform,3,-8.325366604607979
507,orng,11,-7.226754315939868
508,lembur,4,-8.102223053293768
509,lihat,54,-5.704327780495397
510,vario,4,-8.102223053293768
511,motor,33,-6.185300441111707
512,cowok,21,-6.6206185123695525
513,besok,3,-8.325366604607979
514,halal,3,-8.325366604607979
515,pandang,9,-7.409075872733823
516,batak,4,-8.102223053293768
517,galak,9,-7.409075872733823
518,titit,4,-8.102223053293768
519,nyaaa,3,-8.325366604607979
520,sirik,7,-7.632219424048032
521,aldi,53,-5.722676919163594
522,wilona,10,-7.313765692929498
523,bikini,60,-5.600787101554557
524,martha,17,-6.821289207831704
525,posisi,3,-8.325366604607979
526,benerin,5,-7.919901496499813
527,receh,6,-7.765750816672555
528,muntah,25,-6.453564427706387
529,generasi,3,-8.325366604607979
530,nasib,3,-8.325366604607979
531,jalan,21,-6.6206185123695525
532,surga,4,-8.102223053293768
533,mudah,4,-8.102223053293768
534,jago,6,-7.765750816672555
535,misal,3,-8.325366604607979
536,sesuai,4,-8.102223053293768
537,derita,4,-8.102223053293768
538,salsa,5,-7.919901496499813
539,luu,7,-7.632219424048032
540,cepet,23,-6.533607135379923
541,nyuruh,3,-8.325366604607979
542,tdk,7,-7.632219424048032
543,atur,5,-7.919901496499813
544,kapsul,18,-6.767221986561428
545,imut,3,-8.325366604607979
546,kondisi,5,-7.919901496499813
547,bantu,7,-7.632219424048032
548,pakai,74,-5.394172852191558
549,cuk,5,-7.919901496499813
550,reza,7,-7.632219424048032
551,udara,5,-7.919901496499813
552,dho,4,-8.102223053293768
553,papa,8,-7.514436388391649
554,islam,50,-5.779835333003542
555,paksa,9,-7.409075872733823
556,putus,5,-7.919901496499813
557,alas,7,-7.632219424048032
558,jilat,8,-7.514436388391649
559,maen,14,-7.003610764625659
560,devi,4,-8.102223053293768
561,senang,6,-7.765750816672555
562,akun,8,-7.514436388391649
563,teman,4,-8.102223053293768
564,perintah,3,-8.325366604607979
565,boong,3,-8.325366604607979
566,perempuan,9,-7.409075872733823
567,ngewe,3,-8.325366604607979
568,aje,10,-7.313765692929498
569,jawab,5,-7.919901496499813
570,brisik,4,-8.102223053293768
571,sange,8,-7.514436388391649
572,rada,6,-7.765750816672555
573,edit,12,-7.146711608266331
574,this,3,-8.325366604607979
575,dikorea,3,-8.325366604607979
576,sya,4,-8.102223053293768
577,mienya,4,-8.102223053293768
578,helo,3,-8.325366604607979
579,tunjukin,4,-8.102223053293768
580,telen,7,-7.632219424048032
581,cabut,3,-8.325366604607979
582,arti,15,-6.939072243488087
583,nyet,3,-8.325366604607979
584,lhoo,4,-8.102223053293768
585,jilbab,103,-5.067270066586496
586,bgtt,4,-8.102223053293768
587,korban,9,-7.409075872733823
588,ayam,6,-7.765750816672555
589,percaya,6,-7.765750816672555
590,kuota,6,-7.765750816672555
591,samawa,3,-8.325366604607979
592,bangsat,7,-7.632219424048032
593,asus,3,-8.325366604607979
594,ivanna,4,-8.102223053293768
595,bensin,5,-7.919901496499813
596,gigi,5,-7.919901496499813
597,solo,6,-7.765750816672555
598,job,3,-8.325366604607979
599,kasur,3,-8.325366604607979
600,cewe,40,-5.998088899023561
601,mantan,7,-7.632219424048032
602,macet,3,-8.325366604607979
603,komodo,5,-7.919901496499813
604,alay,36,-6.100743053083644
605,pril,3,-8.325366604607979
606,geli,9,-7.409075872733823
607,nunjuk,4,-8.102223053293768
608,blink,8,-7.514436388391649
609,durhaka,6,-7.765750816672555
610,ewok,4,-8.102223053293768
611,toket,10,-7.313765692929498
612,nyobain,5,-7.919901496499813
613,nungguin,3,-8.325366604607979
614,brdiri,3,-8.325366604607979
615,buru,3,-8.325366604607979
616,kawin,4,-8.102223053293768
617,hehee,4,-8.102223053293768
618,review,7,-7.632219424048032
619,dgn,8,-7.514436388391649
620,eonni,5,-7.919901496499813
621,pamerin,8,-7.514436388391649
622,blackpink,15,-6.939072243488087
623,kocak,4,-8.102223053293768
624,baper,3,-8.325366604607979
625,simpen,3,-8.325366604607979
626,lgsg,6,-7.765750816672555
627,malu,62,-5.568526239336336
628,msa,3,-8.325366604607979
629,lumayan,4,-8.102223053293768
630,suruh,10,-7.313765692929498
631,cream,4,-8.102223053293768
632,beri,5,-7.919901496499813
633,lonte,4,-8.102223053293768
634,hijab,21,-6.6206185123695525
635,nginep,5,-7.919901496499813
636,kuat,12,-7.146711608266331
637,remas,3,-8.325366604607979
638,kepedesan,5,-7.919901496499813
639,sopan,39,-6.022781511613932
640,rasa,29,-6.3104635840657135
641,openingnya,5,-7.919901496499813
642,phobia,9,-7.409075872733823
643,jadiin,4,-8.102223053293768
644,babi,29,-6.3104635840657135
645,mkan,4,-8.102223053293768
646,alloh,5,-7.919901496499813
647,maya,3,-8.325366604607979
648,ribet,16,-6.878447621671652
649,goyang,8,-7.514436388391649
650,wkwkwkwkwkwkwk,3,-8.325366604607979
651,butek,5,-7.919901496499813
652,malem,3,-8.325366604607979
653,hasil,4,-8.102223053293768
654,jarang,3,-8.325366604607979
655,kece,5,-7.919901496499813
656,sy,4,-8.102223053293768
657,eneg,4,-8.102223053293768
658,sperti,3,-8.325366604607979
659,pusing,21,-6.6206185123695525
660,youtube,23,-6.533607135379923
661,palsu,7,-7.632219424048032
662,tahan,7,-7.632219424048032
663,dih,6,-7.765750816672555
664,telanjang,11,-7.226754315939868
665,bahas,3,-8.325366604607979
666,teroris,13,-7.07260363611261
667,lemes,3,-8.325366604607979
668,suap,4,-8.102223053293768
669,dollar,5,-7.919901496499813
670,gendut,80,-5.317211811055429
671,utap,40,-5.998088899023561
672,slalu,6,-7.765750816672555
673,pedes,6,-7.765750816672555
674,bosan,3,-8.325366604607979
675,ngeri,19,-6.715928692173877
676,tempat,33,-6.185300441111707
677,tamu,8,-7.514436388391649
678,rel,3,-8.325366604607979
679,gaji,7,-7.632219424048032
680,tulis,6,-7.765750816672555
681,bat,7,-7.632219424048032
682,kaget,16,-6.878447621671652
683,besar,24,-6.4927851408596675
684,kg,9,-7.409075872733823
685,surabaya,12,-7.146711608266331
686,ortu,9,-7.409075872733823
687,bkn,12,-7.146711608266331
688,tanah,10,-7.313765692929498
689,masjid,6,-7.765750816672555
690,ngeres,3,-8.325366604607979
691,kurang,111,-4.9931620944327735
692,maxim,3,-8.325366604607979
693,hak,3,-8.325366604607979
694,new,3,-8.325366604607979
695,aliando,6,-7.765750816672555
696,datar,4,-8.102223053293768
697,cie,7,-7.632219424048032
698,busett,3,-8.325366604607979
699,wajar,8,-7.514436388391649
700,enek,8,-7.514436388391649
701,pertama,15,-6.939072243488087
702,please,5,-7.919901496499813
703,pacar,30,-6.277673761242722
704,ratus,4,-8.102223053293768
705,bauk,4,-8.102223053293768
706,mobil,15,-6.939072243488087
707,kantong,3,-8.325366604607979
708,iky,5,-7.919901496499813
709,perlu,8,-7.514436388391649
710,habibi,3,-8.325366604607979
711,konten,12,-7.146711608266331
712,pilih,4,-8.102223053293768
713,pamer,71,-5.434994846711813
714,badan,24,-6.4927851408596675
715,mbak,7,-7.632219424048032
716,malam,9,-7.409075872733823
717,pup,3,-8.325366604607979
718,muka,93,-5.168366183457865
719,baso,10,-7.313765692929498
720,uang,22,-6.576166749798719
721,indomie,6,-7.765750816672555
722,ngamuk,4,-8.102223053293768
723,rugi,4,-8.102223053293768
724,sari,6,-7.765750816672555
725,ngefans,5,-7.919901496499813
726,ngebayangin,4,-8.102223053293768
727,klu,3,-8.325366604607979
728,plagiat,4,-8.102223053293768
729,sono,5,-7.919901496499813
730,lucky,3,-8.325366604607979
731,ngajak,6,-7.765750816672555
732,lidah,4,-8.102223053293768
733,keluarga,7,-7.632219424048032
734,kerjain,8,-7.514436388391649
735,pelihara,7,-7.632219424048032
736,alat,3,-8.325366604607979
737,cuman,38,-6.048099319598222
738,celanannya,3,-8.325366604607979
739,bokep,10,-7.313765692929498
740,kog,4,-8.102223053293768
741,singgung,8,-7.514436388391649
742,krim,20,-6.667138528004446
743,anjayy,6,-7.765750816672555
744,nyasar,6,-7.765750816672555
745,gym,3,-8.325366604607979
746,haters,8,-7.514436388391649
747,maksiat,5,-7.919901496499813
748,sex,3,-8.325366604607979
749,bts,6,-7.765750816672555
750,beranta,4,-8.102223053293768
751,anjirr,8,-7.514436388391649
752,baru,47,-5.840459954819978
753,vidionya,7,-7.632219424048032
754,gils,3,-8.325366604607979
755,asu,4,-8.102223053293768
756,nafas,13,-7.07260363611261
757,boy,17,-6.821289207831704
758,plastik,3,-8.325366604607979
759,pintu,15,-6.939072243488087
760,pegang,10,-7.313765692929498
761,amatir,5,-7.919901496499813
762,wkwkwkwkw,3,-8.325366604607979
763,topeng,4,-8.102223053293768
764,tidur,30,-6.277673761242722
765,rbu,3,-8.325366604607979
766,selamat,6,-7.765750816672555
767,tanya,13,-7.07260363611261
768,tenggelam,3,-8.325366604607979
769,spatu,22,-6.576166749798719
770,kuaci,3,-8.325366604607979
771,gara,22,-6.576166749798719
772,pulau,13,-7.07260363611261
773,bencong,11,-7.226754315939868
774,bp,4,-8.102223053293768
775,upload,7,-7.632219424048032
776,harga,69,-5.463165723678509
777,air,21,-6.6206185123695525
778,dpt,3,-8.325366604607979
779,sabun,8,-7.514436388391649
780,tai,56,-5.668609697893318
781,bunyi,3,-8.325366604607979
782,kpop,6,-7.765750816672555
783,henti,3,-8.325366604607979
784,ajar,13,-7.07260363611261
785,ush,3,-8.325366604607979
786,viewers,4,-8.102223053293768
787,ngmng,4,-8.102223053293768
788,salah,38,-6.048099319598222
789,acara,5,-7.919901496499813
790,porsi,7,-7.632219424048032
791,sukses,8,-7.514436388391649
792,muda,7,-7.632219424048032
793,mic,3,-8.325366604607979
794,model,11,-7.226754315939868
795,kirain,16,-6.878447621671652
796,burem,6,-7.765750816672555
797,boom,8,-7.514436388391649
798,irfan,4,-8.102223053293768
799,idola,4,-8.102223053293768
800,anjayyyyyy,3,-8.325366604607979
801,woi,9,-7.409075872733823
802,kejar,3,-8.325366604607979
803,burung,10,-7.313765692929498
804,bodoh,17,-6.821289207831704
805,link,3,-8.325366604607979
806,peke,3,-8.325366604607979
807,sengaja,3,-8.325366604607979
808,bakal,23,-6.533607135379923
809,hwang,4,-8.102223053293768
810,kumis,11,-7.226754315939868
811,kakpao,4,-8.102223053293768
812,liur,4,-8.102223053293768
813,sungguh,3,-8.325366604607979
814,celup,6,-7.765750816672555
815,kga,5,-7.919901496499813
816,kecoa,3,-8.325366604607979
817,naek,7,-7.632219424048032
818,kampret,5,-7.919901496499813
819,lirik,5,-7.919901496499813
820,tinggal,18,-6.767221986561428
821,umur,9,-7.409075872733823
822,cewenya,12,-7.146711608266331
823,moral,4,-8.102223053293768
824,wc,4,-8.102223053293768
825,gaya,32,-6.215153404261388
826,bete,3,-8.325366604607979
827,pink,4,-8.102223053293768
828,pendek,18,-6.767221986561428
829,meja,4,-8.102223053293768
830,ngeliatnya,5,-7.919901496499813
831,gemuk,31,-6.245925062928142
832,mentang,18,-6.767221986561428
833,videony,3,-8.325366604607979
834,tembem,3,-8.325366604607979
835,sempit,23,-6.533607135379923
836,gituan,9,-7.409075872733823
837,intro,3,-8.325366604607979
838,dimarahin,4,-8.102223053293768
839,jagal,3,-8.325366604607979
840,dateng,3,-8.325366604607979
841,renang,17,-6.821289207831704
842,sidik,4,-8.102223053293768
843,pokus,3,-8.325366604607979
844,nasi,12,-7.146711608266331
845,hapus,5,-7.919901496499813
846,thumbnail,24,-6.4927851408596675
847,pergi,5,-7.919901496499813
848,pao,64,-5.537273695832232
849,squshy,3,-8.325366604607979
850,garing,5,-7.919901496499813
851,wkkwkw,5,-7.919901496499813
852,sensor,32,-6.215153404261388
853,dasar,59,-5.617316403505768
854,pantat,4,-8.102223053293768
855,coy,7,-7.632219424048032
856,ramah,3,-8.325366604607979
857,skali,4,-8.102223053293768
858,otomatis,3,-8.325366604607979
859,dll,6,-7.765750816672555
860,gigit,5,-7.919901496499813
861,sholat,9,-7.409075872733823
862,kuning,6,-7.765750816672555
863,paham,4,-8.102223053293768
864,jauh,14,-7.003610764625659
865,panas,8,-7.514436388391649
866,ichaa,3,-8.325366604607979
867,rambut,44,-5.904998475957549
868,kos,7,-7.632219424048032
869,plng,3,-8.325366604607979
870,negri,5,-7.919901496499813
871,pakek,38,-6.048099319598222
872,diam,3,-8.325366604607979
873,gampang,3,-8.325366604607979
874,cabe,4,-8.102223053293768
875,bandara,9,-7.409075872733823
876,vidio,21,-6.6206185123695525
877,dengar,10,-7.313765692929498
878,tahu,9,-7.409075872733823
879,ngerjain,10,-7.313765692929498
880,bekas,12,-7.146711608266331
881,njing,8,-7.514436388391649
882,pinter,8,-7.514436388391649
883,bangga,6,-7.765750816672555
884,ngatain,6,-7.765750816672555
885,yakin,5,-7.919901496499813
886,grebek,6,-7.765750816672555
887,sexy,23,-6.533607135379923
888,juri,6,-7.765750816672555
889,umroh,8,-7.514436388391649
890,krudung,22,-6.576166749798719
891,nonton,65,-5.522006223701443
892,sampah,16,-6.878447621671652
893,males,14,-7.003610764625659
894,restoran,8,-7.514436388391649
895,dipamerin,7,-7.632219424048032
896,doyan,14,-7.003610764625659
897,allah,23,-6.533607135379923
898,tong,9,-7.409075872733823
899,mesti,6,-7.765750816672555
900,pulang,9,-7.409075872733823
901,pindah,7,-7.632219424048032
902,ente,4,-8.102223053293768
903,fake,4,-8.102223053293768
904,syuting,3,-8.325366604607979
905,lapar,10,-7.313765692929498
906,duduk,9,-7.409075872733823
907,ngatur,5,-7.919901496499813
908,denger,8,-7.514436388391649
909,jamin,4,-8.102223053293768
910,udik,3,-8.325366604607979
911,korea,21,-6.6206185123695525
912,beliau,4,-8.102223053293768
913,tanda,9,-7.409075872733823
914,nora,11,-7.226754315939868
915,tolak,3,-8.325366604607979
916,tvnya,3,-8.325366604607979
917,idih,7,-7.632219424048032
918,penuh,6,-7.765750816672555
919,mamun,8,-7.514436388391649
920,budaya,8,-7.514436388391649
921,maxime,14,-7.003610764625659
922,aib,3,-8.325366604607979
923,plus,3,-8.325366604607979
924,shop,5,-7.919901496499813
925,lbih,3,-8.325366604607979
926,main,23,-6.533607135379923
927,fans,10,-7.313765692929498
928,dosa,18,-6.767221986561428
929,yh,3,-8.325366604607979
930,nongol,3,-8.325366604607979
931,sebenernya,3,-8.325366604607979
932,roda,3,-8.325366604607979
933,tata,3,-8.325366604607979
934,haji,35,-6.128142027271759
935,youtubers,3,-8.325366604607979
936,tinggi,9,-7.409075872733823
937,gagal,8,-7.514436388391649
938,ayo,4,-8.102223053293768
939,gajelas,7,-7.632219424048032
940,cerai,7,-7.632219424048032
941,akutuh,3,-8.325366604607979
942,lupa,21,-6.6206185123695525
943,sukak,3,-8.325366604607979
944,surprise,3,-8.325366604607979
945,trending,3,-8.325366604607979
946,gaul,10,-7.313765692929498
947,senior,3,-8.325366604607979
948,jakarta,16,-6.878447621671652
949,ngetik,5,-7.919901496499813
950,umum,4,-8.102223053293768
951,member,3,-8.325366604607979
952,gada,9,-7.409075872733823
953,efek,4,-8.102223053293768
954,seksi,15,-6.939072243488087
955,song,4,-8.102223053293768
956,rame,3,-8.325366604607979
957,usa,3,-8.325366604607979
958,exo,4,-8.102223053293768
959,parahhh,3,-8.325366604607979
960,hmmm,3,-8.325366604607979
961,bgni,3,-8.325366604607979
962,turut,26,-6.415824099723539
963,delo,3,-8.325366604607979
964,sptu,3,-8.325366604607979
965,kampung,19,-6.715928692173877
966,bra,8,-7.514436388391649
967,cewek,46,-5.86151336401781
968,cupang,6,-7.765750816672555
969,habisin,4,-8.102223053293768
970,benjol,3,-8.325366604607979
971,idol,7,-7.632219424048032
972,sepi,3,-8.325366604607979
973,guntur,14,-7.003610764625659
974,cendol,6,-7.765750816672555
975,susah,17,-6.821289207831704
976,setan,6,-7.765750816672555
977,tercyduk,3,-8.325366604607979
978,mutu,9,-7.409075872733823
979,gokil,3,-8.325366604607979
980,blm,12,-7.146711608266331
981,gilaa,4,-8.102223053293768
982,kontol,7,-7.632219424048032
983,sorot,3,-8.325366604607979
984,kitab,3,-8.325366604607979
985,prnah,3,-8.325366604607979
986,penting,12,-7.146711608266331
987,entot,4,-8.102223053293768
988,buang,20,-6.667138528004446
989,psikiater,3,-8.325366604607979
990,rumah,36,-6.100743053083644
991,baik,17,-6.821289207831704
992,kesini,8,-7.514436388391649
993,verel,8,-7.514436388391649
994,ngerasa,7,-7.632219424048032
995,pedas,6,-7.765750816672555
996,begok,3,-8.325366604607979
997,kuli,3,-8.325366604607979
998,sombong,144,-4.734927223307294
999,hahahha,3,-8.325366604607979
1000,gitar,3,-8.325366604607979
1001,lari,3,-8.325366604607979
1002,dg,5,-7.919901496499813
1003,jorok,117,-4.940976341262203
1004,guys,5,-7.919901496499813
1005,gx,4,-8.102223053293768
1006,usah,22,-6.576166749798719
1007,chanel,11,-7.226754315939868
1008,hate,7,-7.632219424048032
1009,tombol,4,-8.102223053293768
1010,arah,3,-8.325366604607979
1011,gile,6,-7.765750816672555
1012,regisca,40,-5.998088899023561
1013,cita,8,-7.514436388391649
1014,god,3,-8.325366604607979
1015,serah,3,-8.325366604607979
1016,nyusul,3,-8.325366604607979
1017,inget,8,-7.514436388391649
1018,aldy,5,-7.919901496499813
1019,gembel,4,-8.102223053293768
1020,keluar,19,-6.715928692173877
1021,centil,4,-8.102223053293768
1022,mukbang,4,-8.102223053293768
1023,kenyang,7,-7.632219424048032
1024,benci,13,-7.07260363611261
1025,gambar,19,-6.715928692173877
1026,kristen,8,-7.514436388391649
1027,sok,77,-5.354952139038277
1028,muslim,19,-6.715928692173877
1029,nyata,18,-6.767221986561428
1030,kang,5,-7.919901496499813
1031,why,3,-8.325366604607979
1032,cc,4,-8.102223053293768
1033,ning,3,-8.325366604607979
1034,celana,16,-6.878447621671652
1035,peti,3,-8.325366604607979
1036,regina,31,-6.245925062928142
1037,sayang,33,-6.185300441111707
1038,baju,56,-5.668609697893318
1039,fasilitas,3,-8.325366604607979
1040,zee,3,-8.325366604607979
1041,kameramenya,5,-7.919901496499813
1042,tabung,3,-8.325366604607979
1043,rio,4,-8.102223053293768
1044,verrel,17,-6.821289207831704
1045,joget,5,-7.919901496499813
1046,michi,9,-7.409075872733823
1047,diinjek,6,-7.765750816672555
1048,nurindah,4,-8.102223053293768
1049,genit,5,-7.919901496499813
1050,jajah,5,-7.919901496499813
1051,papua,3,-8.325366604607979
1052,ngaceng,7,-7.632219424048032
1053,norak,39,-6.022781511613932
1054,coli,5,-7.919901496499813
1055,lawan,4,-8.102223053293768
1056,beneran,14,-7.003610764625659
1057,injek,24,-6.4927851408596675
1058,tepos,3,-8.325366604607979
1059,belah,10,-7.313765692929498
1060,lampu,8,-7.514436388391649
1061,mampus,11,-7.226754315939868
1062,wkwwk,3,-8.325366604607979
1063,jawa,11,-7.226754315939868
1064,bentar,3,-8.325366604607979
1065,pura,3,-8.325366604607979
1066,eropa,3,-8.325366604607979
1067,taik,8,-7.514436388391649
1068,kafir,3,-8.325366604607979
1069,ice,6,-7.765750816672555
1070,capsul,7,-7.632219424048032
1071,view,5,-7.919901496499813
1072,temenan,3,-8.325366604607979
1073,lighting,6,-7.765750816672555
1074,bangat,13,-7.07260363611261
1075,hujan,3,-8.325366604607979
1076,anjay,37,-6.074074806001483
1077,terhura,3,-8.325366604607979
1078,kunyah,12,-7.146711608266331
1079,minta,42,-5.950460850034306
1080,cemburu,8,-7.514436388391649
1081,kepo,3,-8.325366604607979
1082,mio,21,-6.6206185123695525
1083,jari,7,-7.632219424048032
1084,gamers,3,-8.325366604607979
1085,zaman,7,-7.632219424048032
1086,keren,22,-6.576166749798719
1087,otak,22,-6.576166749798719
1088,listrik,3,-8.325366604607979
1089,pasang,5,-7.919901496499813
1090,astagfirullah,3,-8.325366604607979
1091,napas,7,-7.632219424048032
1092,judul,11,-7.226754315939868
1093,kau,21,-6.6206185123695525
1094,kualat,3,-8.325366604607979
1095,koe,3,-8.325366604607979
1096,pingin,4,-8.102223053293768
1097,non,8,-7.514436388391649
1098,sesal,3,-8.325366604607979
1099,iseng,3,-8.325366604607979
1100,dehh,6,-7.765750816672555
1101,anjayyy,6,-7.765750816672555
1102,ngasih,5,-7.919901496499813
1103,hajar,4,-8.102223053293768
1104,production,3,-8.325366604607979
1105,tuhh,7,-7.632219424048032
1106,hutan,3,-8.325366604607979
1107,astaga,4,-8.102223053293768
1108,hobi,5,-7.919901496499813
1109,deket,5,-7.919901496499813
1110,payudara,4,-8.102223053293768
1111,bokap,19,-6.715928692173877
1112,luh,13,-7.07260363611261
1113,rangsang,5,-7.919901496499813
1114,kaos,3,-8.325366604607979
1115,tato,7,-7.632219424048032
1116,hamil,7,-7.632219424048032
1117,bersihin,3,-8.325366604607979
1118,gausah,8,-7.514436388391649
1119,unboxing,3,-8.325366604607979
1120,tanboykun,11,-7.226754315939868
1121,nunggu,4,-8.102223053293768
1122,acak,6,-7.765750816672555
1123,zell,7,-7.632219424048032
1124,bunuh,4,-8.102223053293768
1125,peduli,3,-8.325366604607979
1126,amerika,4,-8.102223053293768
1127,berisik,6,-7.765750816672555
1128,oke,5,-7.919901496499813
1129,pesawat,9,-7.409075872733823
1130,gimana,33,-6.185300441111707
1131,raja,3,-8.325366604607979
1132,terang,5,-7.919901496499813
1133,belagu,10,-7.313765692929498
1134,sariawan,3,-8.325366604607979
1135,blur,3,-8.325366604607979
1136,asli,22,-6.576166749798719
1137,ngapain,24,-6.4927851408596675
1138,pipi,10,-7.313765692929498
1139,ikut,20,-6.667138528004446
1140,sanggup,5,-7.919901496499813
1141,xd,10,-7.313765692929498
1142,psti,4,-8.102223053293768
1143,belakang,9,-7.409075872733823
1144,bersih,4,-8.102223053293768
1145,paopao,20,-6.667138528004446
1146,nang,10,-7.313765692929498
1147,malas,5,-7.919901496499813
1148,mahal,120,-4.915870420131127
1149,jahat,13,-7.07260363611261
1150,tanboy,46,-5.86151336401781
1151,like,40,-5.998088899023561
1152,solat,6,-7.765750816672555
1153,aneh,29,-6.3104635840657135
1154,know,3,-8.325366604607979
1155,aurat,28,-6.344365135741395
1156,lahh,3,-8.325366604607979
1157,sendok,3,-8.325366604607979
1158,kamar,33,-6.185300441111707
1159,waw,4,-8.102223053293768
1160,lahir,3,-8.325366604607979
1161,sendal,5,-7.919901496499813
1162,opening,10,-7.313765692929498
1163,edho,34,-6.156312904238455
1164,cinta,9,-7.409075872733823
1165,tatto,3,-8.325366604607979
1166,manfaat,6,-7.765750816672555
1167,scene,4,-8.102223053293768
1168,kasihan,23,-6.533607135379923
1169,kevin,3,-8.325366604607979
1170,nyokap,6,-7.765750816672555
1171,munafik,4,-8.102223053293768
1172,sumpahh,3,-8.325366604607979
1173,nyerah,7,-7.632219424048032
1174,doi,4,-8.102223053293768
1175,cap,3,-8.325366604607979
1176,salam,4,-8.102223053293768
1177,gmna,5,-7.919901496499813
1178,dewasa,12,-7.146711608266331
1179,bentuk,4,-8.102223053293768
1180,pantes,10,-7.313765692929498
1181,komentar,7,-7.632219424048032
1182,cium,13,-7.07260363611261
1183,lele,4,-8.102223053293768
1184,kembali,4,-8.102223053293768
1185,bapak,40,-5.998088899023561
1186,lemak,3,-8.325366604607979
1187,bakso,22,-6.576166749798719
1188,kepala,13,-7.07260363611261
1189,jennie,20,-6.667138528004446
1190,tunggu,8,-7.514436388391649
1191,bego,19,-6.715928692173877
1192,next,5,-7.919901496499813
1193,ninja,7,-7.632219424048032
1194,amet,6,-7.765750816672555
1195,puasa,14,-7.003610764625659
1196,palevi,9,-7.409075872733823
1197,dikacangin,3,-8.325366604607979
1198,kedengeran,4,-8.102223053293768
1199,harta,5,-7.919901496499813
1200,mr,3,-8.325366604607979
1201,tetek,8,-7.514436388391649
1202,nyentuh,3,-8.325366604607979
1203,mcm,5,-7.919901496499813
1204,mohon,8,-7.514436388391649
1205,abang,25,-6.453564427706387
1206,naik,28,-6.344365135741395
1207,doang,48,-5.819840667617242
1208,inggris,3,-8.325366604607979
1209,auto,11,-7.226754315939868
1210,megan,14,-7.003610764625659
1211,kedikit,28,-6.344365135741395
1212,tenang,6,-7.765750816672555
1213,romantis,4,-8.102223053293768
1214,ngak,24,-6.4927851408596675
1215,liatin,9,-7.409075872733823
1216,pentil,3,-8.325366604607979
1217,jdi,19,-6.715928692173877
1218,transportasi,3,-8.325366604607979
1219,film,5,-7.919901496499813
1220,hahahahha,3,-8.325366604607979
1221,bau,46,-5.86151336401781
1222,laki,15,-6.939072243488087
1223,samyangnya,14,-7.003610764625659
1224,sadar,7,-7.632219424048032
1225,jenis,4,-8.102223053293768
1226,bayar,12,-7.146711608266331
1227,bikin,101,-5.086688152443598
1228,sepatu,216,-4.331763612187409
1229,objek,3,-8.325366604607979
1230,banding,5,-7.919901496499813
1231,megang,7,-7.632219424048032
1232,gelap,53,-5.722676919163594
1233,kameramen,17,-6.821289207831704
1234,hina,5,-7.919901496499813
1235,alqur,3,-8.325366604607979
1236,keras,5,-7.919901496499813
1237,turun,8,-7.514436388391649
1238,minggu,5,-7.919901496499813
1239,rusak,29,-6.3104635840657135
1240,bner,4,-8.102223053293768
1241,mie,51,-5.760417247146441
1242,bibir,13,-7.07260363611261
1243,yoo,3,-8.325366604607979
1244,cowo,12,-7.146711608266331
1245,diliatin,3,-8.325366604607979
1246,anjirrr,3,-8.325366604607979
1247,kubur,5,-7.919901496499813
1248,what,3,-8.325366604607979
1249,cerewet,3,-8.325366604607979
1250,pengab,3,-8.325366604607979
1251,nyebelin,7,-7.632219424048032
1252,karung,5,-7.919901496499813
1253,dp,17,-6.821289207831704
1254,mampir,3,-8.325366604607979
1255,sule,11,-7.226754315939868
1256,tipis,6,-7.765750816672555
1257,tiba,6,-7.765750816672555
1258,blg,4,-8.102223053293768
1259,salma,8,-7.514436388391649
1260,pda,4,-8.102223053293768
1261,good,3,-8.325366604607979
1262,cowonya,3,-8.325366604607979
1263,crim,3,-8.325366604607979
1264,pokok,3,-8.325366604607979
1265,hadiah,3,-8.325366604607979
1266,samping,3,-8.325366604607979
1267,hidup,21,-6.6206185123695525
1268,kandang,4,-8.102223053293768
1269,ngentot,15,-6.939072243488087
1270,lina,28,-6.344365135741395
1271,gemes,4,-8.102223053293768
1272,negara,12,-7.146711608266331
1273,piring,3,-8.325366604607979
1274,koq,8,-7.514436388391649
1275,miris,4,-8.102223053293768
1276,langsung,33,-6.185300441111707
1277,grgr,3,-8.325366604607979
1278,lagu,40,-5.998088899023561
1279,harris,4,-8.102223053293768
1280,amal,3,-8.325366604607979
1281,maksud,12,-7.146711608266331
1282,nampak,4,-8.102223053293768
1283,bilang,69,-5.463165723678509
1284,corshair,3,-8.325366604607979
1285,detik,11,-7.226754315939868
1286,cantik,30,-6.277673761242722
1287,contoh,5,-7.919901496499813
1288,share,3,-8.325366604607979
1289,tukang,41,-5.9739913474445006
1290,bisnis,3,-8.325366604607979
1291,kpi,6,-7.765750816672555
1292,die,3,-8.325366604607979
1293,mulai,8,-7.514436388391649
1294,ngorok,6,-7.765750816672555
1295,berani,3,-8.325366604607979
1296,shoot,5,-7.919901496499813
1297,capsule,5,-7.919901496499813
1298,bnyak,18,-6.767221986561428
1299,cd,3,-8.325366604607979
1300,putih,7,-7.632219424048032
1301,mainin,4,-8.102223053293768
1302,prank,18,-6.767221986561428
1303,serasa,3,-8.325366604607979
1304,rog,4,-8.102223053293768
1305,kere,3,-8.325366604607979
1306,batas,3,-8.325366604607979
1307,wik,10,-7.313765692929498
1308,koko,4,-8.102223053293768
1309,omong,5,-7.919901496499813
1310,miskin,11,-7.226754315939868
1311,risa,4,-8.102223053293768
1312,nontonnya,8,-7.514436388391649
1313,salsha,3,-8.325366604607979
1314,ngiriii,5,-7.919901496499813
1315,transparan,3,-8.325366604607979
1316,sariawannya,3,-8.325366604607979
1317,laper,37,-6.074074806001483
1318,tiru,3,-8.325366604607979
1319,gantung,4,-8.102223053293768
1320,cari,11,-7.226754315939868
1321,simpan,5,-7.919901496499813
1322,mantap,4,-8.102223053293768
1323,hantu,4,-8.102223053293768
1324,artis,17,-6.821289207831704
1325,selesai,4,-8.102223053293768
1326,daging,12,-7.146711608266331
1327,goreng,3,-8.325366604607979
1328,nambah,23,-6.533607135379923
1329,pahala,6,-7.765750816672555
1330,wkwkkw,5,-7.919901496499813
1331,suka,84,-5.269009709237552
1332,ultah,4,-8.102223053293768
1333,mending,138,-4.777187032597177
1334,bpk,3,-8.325366604607979
1335,mesum,38,-6.048099319598222
1336,hormat,3,-8.325366604607979
1337,lewat,5,-7.919901496499813
1338,bosen,12,-7.146711608266331
1339,salsabila,4,-8.102223053293768
1340,kucing,11,-7.226754315939868
1341,kelaperan,5,-7.919901496499813
1342,cpt,8,-7.514436388391649
1343,ingat,3,-8.325366604607979
1344,jaman,13,-7.07260363611261
1345,beliin,6,-7.765750816672555
1346,lumpuh,3,-8.325366604607979
1347,ganggu,10,-7.313765692929498
1348,karya,4,-8.102223053293768
1349,cepat,11,-7.226754315939868
1350,babas,11,-7.226754315939868
1351,asal,7,-7.632219424048032
1352,cici,4,-8.102223053293768
1353,ledak,3,-8.325366604607979
1354,darah,3,-8.325366604607979
1355,libur,5,-7.919901496499813
1356,pro,4,-8.102223053293768
1357,benda,3,-8.325366604607979
1358,pke,27,-6.379456455552664
1359,tuhan,5,-7.919901496499813
1360,nafsu,9,-7.409075872733823
1361,aautap,3,-8.325366604607979
1362,tarik,15,-6.939072243488087
1363,bonus,8,-7.514436388391649
1364,biarin,3,-8.325366604607979
1365,well,3,-8.325366604607979
1366,merah,14,-7.003610764625659
1367,greget,5,-7.919901496499813
1368,feli,7,-7.632219424048032
1369,ampe,10,-7.313765692929498
1370,wulan,3,-8.325366604607979
1371,bencana,3,-8.325366604607979
1372,jelek,98,-5.116541115593279
1373,jual,9,-7.409075872733823
1374,kenal,10,-7.313765692929498
1375,njir,20,-6.667138528004446
1376,endorse,4,-8.102223053293768
1377,sapi,3,-8.325366604607979
1378,kyknya,4,-8.102223053293768
1379,samsolese,3,-8.325366604607979
1380,sempet,4,-8.102223053293768
1381,kameraman,3,-8.325366604607979
1382,lebar,7,-7.632219424048032
1383,sampe,31,-6.245925062928142
1384,mandi,19,-6.715928692173877
1385,pengap,6,-7.765750816672555
1386,virus,3,-8.325366604607979
1387,tangan,7,-7.632219424048032
1388,video,137,-4.7844072805706634
1389,hati,22,-6.576166749798719
1390,beli,162,-4.617910764921106
1391,mirip,27,-6.379456455552664
1392,ganteng,19,-6.715928692173877
1393,kerudung,207,-4.374122886026551
1394,anjing,80,-5.317211811055429
1395,bagus,80,-5.317211811055429
1396,temennya,8,-7.514436388391649
1397,ngakak,29,-6.3104635840657135
1398,koplak,5,-7.919901496499813
1399,sumpah,51,-5.760417247146441
1400,liat,198,-4.418356141003376
1401,wkwkwkkw,4,-8.102223053293768
1402,lucu,66,-5.506968346336903
1403,jerawat,26,-6.415824099723539
1404,trus,29,-6.3104635840657135
1405,hitam,58,-5.634123521822149
1406,kadang,7,-7.632219424048032
1407,mata,19,-6.715928692173877
1408,mw,7,-7.632219424048032
1409,bawah,17,-6.821289207831704
1410,ilang,17,-6.821289207831704
1411,bingung,7,-7.632219424048032
